{
  "id": "a11b73a3-b451-4d03-a473-9ebeab2a9b77",
  "name": "HarmonyInput",
  "isOverridable": true,
  "entries": [
    {
      "value": "PowerOff",
      "synonyms": [
        "PowerOff",
        "Power Off",
        "Off"
      ]
    },
    {
      "value": "Play PS4",
      "synonyms": [
        "Play PS4",
        "PS4",
        "Play Station",
        "Play Station 4"
      ]
    },
    {
      "value": "Netflix",
      "synonyms": [
        "Netflix",
        "Net Flix"
      ]
    },
    {
      "value": "Play Wii",
      "synonyms": [
        "Play Wii",
        "Wii",
        "We",
        "Wi"
      ]
    },
    {
      "value": "Play XBOX 360",
      "synonyms": [
        "Play XBOX 360",
        "XBOX 360",
        "XBOX",
        "X BOX",
        "X BOX 360"
      ]
    },
    {
      "value": "Watch Smart TV",
      "synonyms": [
        "Watch Smart TV",
        "Smart TV",
        "Media Server",
        "Media Player"
      ]
    }
  ],
  "isEnum": false,
  "automatedExpansion": true
}