{
  "id": "d8cf998b-1617-4f22-ac48-2c337a2d7e95",
  "name": "Scenes",
  "isOverridable": true,
  "entries": [
    {
      "value": "all lights on",
      "synonyms": [
        "all lights on"
      ]
    },
    {
      "value": "dim dining room",
      "synonyms": [
        "dim dining room"
      ]
    },
    {
      "value": "dining room full power",
      "synonyms": [
        "dining room full power"
      ]
    },
    {
      "value": "hudson tv off",
      "synonyms": [
        "hudson tv off",
        "hudsons tv off"
      ]
    },
    {
      "value": "hudson tv on",
      "synonyms": [
        "hudson tv on",
        "hudsons tv on"
      ]
    },
    {
      "value": "kitchen full power",
      "synonyms": [
        "kitchen full power"
      ]
    },
    {
      "value": "master shower blue",
      "synonyms": [
        "master shower blue"
      ]
    },
    {
      "value": "master shower pink",
      "synonyms": [
        "master shower pink"
      ]
    },
    {
      "value": "outside blue",
      "synonyms": [
        "outside blue"
      ]
    },
    {
      "value": "outside bright",
      "synonyms": [
        "outside bright"
      ]
    },
    {
      "value": "outside green",
      "synonyms": [
        "outside green"
      ]
    },
    {
      "value": "outside orange",
      "synonyms": [
        "outside orange"
      ]
    },
    {
      "value": "outside pink",
      "synonyms": [
        "outside pink"
      ]
    },
    {
      "value": "outside purple",
      "synonyms": [
        "outside purple"
      ]
    },
    {
      "value": "outside red",
      "synonyms": [
        "outside red"
      ]
    },
    {
      "value": "patriotic front porch",
      "synonyms": [
        "patriotic front porch"
      ]
    },
    {
      "value": "tv blue",
      "synonyms": [
        "tv blue"
      ]
    },
    {
      "value": "tv red",
      "synonyms": [
        "tv red"
      ]
    },
    {
      "value": "wesley tv on",
      "synonyms": [
        "wesley tv on",
        "wesleys tv on"
      ]
    },
    {
      "value": "wesley tv off",
      "synonyms": [
        "wesley tv off",
        "wesleys tv off"
      ]
    }
  ],
  "isEnum": false,
  "automatedExpansion": true
}