{
  "id": "f5ed4e12-9b6c-44bd-83f9-c421f3bd3450",
  "name": "search-engine",
  "isOverridable": true,
  "entries": [
    {
      "value": "Google",
      "synonyms": [
        "Google"
      ]
    },
    {
      "value": "Baidu",
      "synonyms": [
        "Baidu"
      ]
    },
    {
      "value": "Yahoo",
      "synonyms": [
        "Yahoo"
      ]
    },
    {
      "value": "Amazon",
      "synonyms": [
        "Amazon"
      ]
    },
    {
      "value": "Ebay",
      "synonyms": [
        "Ebay"
      ]
    },
    {
      "value": "Wikipedia",
      "synonyms": [
        "Wikipedia",
        "Wiki"
      ]
    },
    {
      "value": "WolframAlpha",
      "synonyms": [
        "WolframAlpha",
        "Wolfram Alpha",
        "Wolfram"
      ]
    },
    {
      "value": "Bing",
      "synonyms": [
        "Bing"
      ]
    },
    {
      "value": "Yandex",
      "synonyms": [
        "Yandex"
      ]
    },
    {
      "value": "DuckDuckGo",
      "synonyms": [
        "DuckDuckGo",
        "Duck Duck Go"
      ]
    }
  ],
  "isEnum": false,
  "automatedExpansion": false
}