{
  "id": "2447f932-f4d1-450b-bf46-041ac63f2e66",
  "name": "Switches",
  "isOverridable": true,
  "entries": [
    {
      "value": "light.kitchen",
      "synonyms": [
        "kitchen",
        "kitchen light"
      ]
    },
    {
      "value": "switch.pantry_hallway",
      "synonyms": [
        "pantry hallway"
      ]
    },
    {
      "value": "light.tv_backlight",
      "synonyms": [
        "tv backlight",
        "living room tv backlight"
      ]
    },
    {
      "value": "switch.upstairs_hallway",
      "synonyms": [
        "upstairs hallway"
      ]
    },
    {
      "value": "switch.hudsons_light",
      "synonyms": [
        "hudsons light",
        "hudson light"
      ]
    },
    {
      "value": "switch.wesleys_light",
      "synonyms": [
        "wesleys light",
        "wesley light"
      ]
    },
    {
      "value": "group.diningroomlights",
      "synonyms": [
        "dining room"
      ]
    },
    {
      "value": "light.front_porch",
      "synonyms": [
        "front porch"
      ]
    },
    {
      "value": "light.back_porch",
      "synonyms": [
        "back porch"
      ]
    },
    {
      "value": "group.outsidelights",
      "synonyms": [
        "outside",
        "outside lights"
      ]
    },
    {
      "value": "switch.wesleys_fan",
      "synonyms": [
        "wesleys fan",
        "wesley fan"
      ]
    },
    {
      "value": "switch.hudsons_fan",
      "synonyms": [
        "hudsons fan",
        "hudson fan"
      ]
    },
    {
      "value": "switch.hudsons_fan",
      "synonyms": [
        "hudsons fan, hudson fan"
      ]
    },
    {
      "value": "switch.wesleys_fan",
      "synonyms": [
        "wesleys fan",
        "wesley fan"
      ]
    },
    {
      "value": "switch.wesleytv",
      "synonyms": [
        "wesleys tv",
        "wesley tv"
      ]
    },
    {
      "value": "switch.hudsontv",
      "synonyms": [
        "hudsons tv",
        "hudson tv"
      ]
    }
  ],
  "isEnum": false,
  "automatedExpansion": true
}