{
  "id": "20f5528a-23a3-4dce-8581-79f276cd0591",
  "name": "System",
  "isOverridable": true,
  "entries": [
    {
      "value": "restart jarvis base",
      "synonyms": [
        "restart jarvis base",
        "jarvis base",
        "base system",
        "jarvis ai",
        "jarvis artificial intelligence"
      ]
    },
    {
      "value": "restart jarvis stt",
      "synonyms": [
        "restart jarvis stt",
        "jarvis speech to text",
        "speech to text",
        "speech to text engine",
        "speech to text system"
      ]
    },
    {
      "value": "restart jarvis tts",
      "synonyms": [
        "restart jarvis tts",
        "jarvis text to speech",
        "jarvis text to speech engine",
        "jarvis text to speech system",
        "text to speech",
        "text to speech engine"
      ]
    },
    {
      "value": "restart system",
      "synonyms": [
        "restart system",
        "system"
      ]
    }
  ],
  "isEnum": false,
  "automatedExpansion": false
}