{
  "id": "bcd493a9-d64d-42f6-a8fe-32be9a077968",
  "name": "VolumeOptions",
  "isOverridable": true,
  "entries": [
    {
      "value": "0",
      "synonyms": [
        "0",
        "off"
      ]
    },
    {
      "value": "10",
      "synonyms": [
        "10",
        "1"
      ]
    },
    {
      "value": "20",
      "synonyms": [
        "20",
        "2"
      ]
    },
    {
      "value": "30",
      "synonyms": [
        "30",
        "3"
      ]
    },
    {
      "value": "40",
      "synonyms": [
        "40",
        "4"
      ]
    },
    {
      "value": "50",
      "synonyms": [
        "50",
        "5"
      ]
    },
    {
      "value": "60",
      "synonyms": [
        "60",
        "6"
      ]
    },
    {
      "value": "70",
      "synonyms": [
        "70",
        "7"
      ]
    },
    {
      "value": "80",
      "synonyms": [
        "80",
        "8"
      ]
    },
    {
      "value": "90",
      "synonyms": [
        "90",
        "9"
      ]
    },
    {
      "value": "100",
      "synonyms": [
        "100",
        "10"
      ]
    },
    {
      "value": "number",
      "synonyms": [
        "number"
      ]
    }
  ],
  "isEnum": false,
  "automatedExpansion": false
}