{
  "id": "f5c7ac0b-c603-4813-872d-3cb36a1363f6",
  "name": "VolUpDown",
  "isOverridable": true,
  "entries": [
    {
      "value": "Up",
      "synonyms": [
        "VolumeUp",
        "Volume Up",
        "Up"
      ]
    },
    {
      "value": "Down",
      "synonyms": [
        "VolumeDown",
        "Volume Down",
        "Down"
      ]
    },
    {
      "value": "Mute",
      "synonyms": [
        "Mute",
        "Off"
      ]
    }
  ],
  "isEnum": false,
  "automatedExpansion": false
}